"Designator","Device","Footprint","Mid X","Mid Y","Ref X","Ref Y","Pad X","Pad Y","Pins","Layer","Rotation","SMD","Comment","Name"
"C9","CC0603KRX7R9BB104","C0603","42.164mm","-65.913mm","42.164mm","-65.913mm","41.464mm","-65.913mm","2","T","0","Yes","100nF","100nF"
"C10","CL31B106KBHNNNE","C1206","48.641mm","-63.627mm","48.641mm","-63.627mm","48.641mm","-62.034mm","2","T","270","Yes","10uF","10uF"
"C11","CC0603KRX7R9BB104","C0603","48.768mm","-67.056mm","48.768mm","-67.056mm","49.468mm","-67.056mm","2","T","180","Yes","100nF","100nF"
"C14","CC0603KRX7R9BB104","C0603","50.673mm","-63.627mm","50.673mm","-63.627mm","50.673mm","-62.927mm","2","T","270","Yes","100nF","100nF"
"C15","CC0603KRX7R9BB104","C0603","19.177mm","-18.542mm","19.177mm","-18.542mm","18.477mm","-18.542mm","2","T","0","Yes","100nF","100nF"
"C16","CC0603KRX7R9BB104","C0603","18.191mm","-21.68mm","18.191mm","-21.68mm","18.191mm","-22.38mm","2","T","90","Yes","100nF","100nF"
"C17","CL31B106KBHNNNE","C1206","22.225mm","-21.717mm","22.225mm","-21.717mm","22.225mm","-23.31mm","2","T","90","Yes","10uF","10uF"
"C18","0603B103K500NT","C0603","32.893mm","-77.978mm","32.893mm","-77.978mm","32.193mm","-77.978mm","2","T","0","Yes","10nF","10nF"
"C19","0603B103K500NT","C0603","39.116mm","-31.623mm","39.116mm","-31.623mm","39.116mm","-32.323mm","2","T","90","Yes","10nF","10nF"
"C20","0603B103K500NT","C0603","33.401mm","-31.623mm","33.401mm","-31.623mm","33.401mm","-30.923mm","2","T","270","Yes","10nF","10nF"
"C21","0603B103K500NT","C0603","30.861mm","-70.231mm","30.861mm","-70.231mm","30.161mm","-70.231mm","2","T","0","Yes","10nF","10nF"
"C22","CC0603KRX7R9BB104","C0603","49.022mm","-32.385mm","49.022mm","-32.385mm","48.322mm","-32.385mm","2","T","0","Yes","100nF","100nF"
"C23","CC0603KRX7R9BB104","C0603","49.276mm","-56.261mm","49.276mm","-56.261mm","48.576mm","-56.261mm","2","T","0","Yes","100nF","100nF"
"C24","CC0603KRX7R9BB104","C0603","14.986mm","-51.689mm","14.986mm","-51.689mm","14.286mm","-51.689mm","2","T","0","Yes","100nF","100nF"
"C25","CC0603KRX7R9BB104","C0603","14.859mm","-27.559mm","14.859mm","-27.559mm","14.159mm","-27.559mm","2","T","0","Yes","100nF","100nF"
"C27","25SVPF330M","CAP-SMD_BD10.0-L10.3-W10.3-LS11.0-FD","9.525mm","-40.64mm","9.525mm","-40.64mm","9.525mm","-45.14mm","2","T","90","Yes","330uF","330uF"
"C28","25SVPF330M","CAP-SMD_BD10.0-L10.3-W10.3-LS11.0-FD","20.32mm","-40.64mm","20.32mm","-40.64mm","20.32mm","-45.14mm","2","T","90","Yes","330uF","330uF"
"C42","CC0603KRX7R9BB104","C0603","15.24mm","-65.659mm","15.24mm","-65.659mm","14.54mm","-65.659mm","2","T","0","Yes","100nF","100nF"
"C43","CC0603KRX7R9BB104","C0603","17.734mm","-61.8mm","17.734mm","-61.8mm","17.734mm","-62.5mm","2","T","90","Yes","100nF","100nF"
"C44","CL31B106KBHNNNE","C1206","22.543mm","-61.635mm","22.543mm","-61.635mm","22.543mm","-63.228mm","2","T","90","Yes","10uF","10uF"
"C46","CC0603KRX7R9BB104","C0603","44.069mm","-25.908mm","44.069mm","-25.908mm","44.769mm","-25.908mm","2","T","180","Yes","100nF","100nF"
"C47","CC0603KRX7R9BB104","C0603","46.101mm","-22.225mm","46.101mm","-22.225mm","46.101mm","-21.525mm","2","T","270","Yes","100nF","100nF"
"C48","CL31B106KBHNNNE","C1206","44.069mm","-22.352mm","44.069mm","-22.352mm","44.069mm","-20.759mm","2","T","270","Yes","10uF","10uF"
"D5","SM6T15CA","SMB_L4.6-W3.6-LS5.3-BI","13.97mm","-24.765mm","13.97mm","-24.765mm","11.579mm","-24.765mm","2","T","0","Yes","SM6T15CA","SM6T15CA"
"D6","SM6T15CA","SMB_L4.6-W3.6-LS5.3-BI","49.022mm","-35.306mm","49.022mm","-35.306mm","46.631mm","-35.306mm","2","T","0","Yes","SM6T15CA","SM6T15CA"
"D7","SM6T15CA","SMB_L4.6-W3.6-LS5.3-BI","52.832mm","-58.42mm","52.832mm","-58.42mm","52.832mm","-60.811mm","2","T","90","Yes","SM6T15CA","SM6T15CA"
"D8","SM6T15CA","SMB_L4.6-W3.6-LS5.3-BI","14.859mm","-48.768mm","14.859mm","-48.768mm","12.468mm","-48.768mm","2","T","0","Yes","SM6T15CA","SM6T15CA"
"F1","MF-MSMF150/24X-2","F1812","39.243mm","-38.608mm","39.243mm","-38.608mm","37.39mm","-38.608mm","2","T","0","Yes","MF-MSMF150/24X-2","MF-MSMF150/24X-2"
"OPTO1","TCRT5000","OPTO-TH_TCRT5000","60.452mm","-75.946mm","60.452mm","-75.946mm","59.182mm","-69.246mm","4","T","90","Yes","TCRT5000_C3271803","TCRT5000_C3271803"
"OPTO2","TCRT5000","OPTO-TH_TCRT5000","60.5mm","-8mm","60.5mm","-8mm","59.23mm","-1.3mm","4","T","90","Yes","TCRT5000_C3271803","TCRT5000_C3271803"
"OPTO3","TCRT5000","OPTO-TH_TCRT5000","3.5mm","-8mm","3.5mm","-8mm","4.77mm","-14.7mm","4","T","270","Yes","TCRT5000_C3271803","TCRT5000_C3271803"
"OPTO4","TCRT5000","OPTO-TH_TCRT5000","3.5mm","-76mm","3.5mm","-76mm","4.77mm","-82.7mm","4","T","270","Yes","TCRT5000_C3271803","TCRT5000_C3271803"
"R9","0603WAF3301T5E","R0603","42.291mm","-64.389mm","42.291mm","-64.389mm","41.538mm","-64.389mm","2","T","0","Yes","3.3kΩ","3.3kΩ"
"R10","0603WAF1501T5E","R0603","41.402mm","-68.199mm","41.402mm","-68.199mm","41.402mm","-67.446mm","2","T","270","Yes","1.5kΩ","1.5kΩ"
"R11","0603WAF3300T5E","R0603","24.003mm","-68.834mm","24.003mm","-68.834mm","24.003mm","-69.587mm","2","T","90","Yes","330Ω","330Ω"
"R12","0805W8F1001T5E","R0805","61.976mm","-64.135mm","61.976mm","-64.135mm","62.976mm","-64.135mm","2","T","180","Yes","1kΩ","1kΩ"
"R13","0805W8F1001T5E","R0805","6.731mm","-20.32mm","6.731mm","-20.32mm","5.731mm","-20.32mm","2","T","0","Yes","1kΩ","1kΩ"
"R14","0603WAF1002T5E","R0603","6.985mm","-18.034mm","6.985mm","-18.034mm","6.232mm","-18.034mm","2","T","0","Yes","10kΩ","10kΩ"
"R15","0603WAF1002T5E","R0603","56.896mm","-68.834mm","56.896mm","-68.834mm","56.143mm","-68.834mm","2","T","0","Yes","10kΩ","10kΩ"
"R16","0603WAF3300T5E","R0603","43.561mm","-60.96mm","43.561mm","-60.96mm","44.314mm","-60.96mm","2","T","180","Yes","330Ω","330Ω"
"R17","0603WAF3300T5E","R0603","43.561mm","-62.865mm","43.561mm","-62.865mm","44.314mm","-62.865mm","2","T","180","Yes","330Ω","330Ω"
"R18","0603WAF1002T5E","R0603","10.414mm","-16.383mm","10.414mm","-16.383mm","11.167mm","-16.383mm","2","T","180","Yes","10kΩ","10kΩ"
"R19","0805W8F1001T5E","R0805","6.223mm","-60.325mm","6.223mm","-60.325mm","5.223mm","-60.325mm","2","T","0","Yes","1kΩ","1kΩ"
"R20","0603WAF1002T5E","R0603","6.408mm","-58.019mm","6.408mm","-58.019mm","5.655mm","-58.019mm","2","T","0","Yes","10kΩ","10kΩ"
"R21","0603WAF3300T5E","R0603","22.479mm","-66.548mm","22.479mm","-66.548mm","21.726mm","-66.548mm","2","T","0","Yes","330Ω","330Ω"
"R22","0603WAF3300T5E","R0603","22.479mm","-65.024mm","22.479mm","-65.024mm","21.726mm","-65.024mm","2","T","0","Yes","330Ω","330Ω"
"R23","0603WAF1002T5E","R0603","10.169mm","-56.553mm","10.169mm","-56.553mm","10.922mm","-56.553mm","2","T","180","Yes","10kΩ","10kΩ"
"R24","0805W8F1001T5E","R0805","57.658mm","-22.86mm","57.658mm","-22.86mm","58.658mm","-22.86mm","2","T","180","Yes","1kΩ","1kΩ"
"R25","0603WAF3300T5E","R0603","25.4mm","-68.58mm","25.4mm","-68.58mm","25.4mm","-69.333mm","2","T","90","Yes","330Ω","330Ω"
"R26","0603WAF1002T5E","R0603","61.595mm","-67.056mm","61.595mm","-67.056mm","62.348mm","-67.056mm","2","T","180","Yes","10kΩ","10kΩ"
"R27","0603WAF1002T5E","R0603","57.277mm","-25.527mm","57.277mm","-25.527mm","58.03mm","-25.527mm","2","T","180","Yes","10kΩ","10kΩ"
"R28","0603WAF3300T5E","R0603","44.958mm","-70.485mm","44.958mm","-70.485mm","45.711mm","-70.485mm","2","T","180","Yes","330Ω","330Ω"
"R29","0603WAF3300T5E","R0603","44.958mm","-68.961mm","44.958mm","-68.961mm","45.711mm","-68.961mm","2","T","180","Yes","330Ω","330Ω"
"R30","0603WAF1002T5E","R0603","53.594mm","-27.686mm","53.594mm","-27.686mm","52.841mm","-27.686mm","2","T","0","Yes","10kΩ","10kΩ"
"R31","0603WAF1002T5E","R0603","7.023mm","-69.374mm","7.023mm","-69.374mm","7.776mm","-69.374mm","2","T","180","Yes","10kΩ","10kΩ"
"R32","0603WAF1002T5E","R0603","56.769mm","-82.55mm","56.769mm","-82.55mm","56.016mm","-82.55mm","2","T","0","Yes","10kΩ","10kΩ"
"R33","0603WAF1002T5E","R0603","56.896mm","-14.478mm","56.896mm","-14.478mm","56.143mm","-14.478mm","2","T","0","Yes","10kΩ","10kΩ"
"R34","0603WAF1002T5E","R0603","7.112mm","-1.27mm","7.112mm","-1.27mm","7.865mm","-1.27mm","2","T","180","Yes","10kΩ","10kΩ"
"R35","0603WAF1001T5E","R0603","35.941mm","-77.978mm","35.941mm","-77.978mm","36.694mm","-77.978mm","2","T","180","Yes","1kΩ","1kΩ"
"R36","0603WAF1001T5E","R0603","39.116mm","-28.448mm","39.116mm","-28.448mm","39.116mm","-27.695mm","2","T","270","Yes","1kΩ","1kΩ"
"R37","0603WAF1001T5E","R0603","33.274mm","-28.575mm","33.274mm","-28.575mm","33.274mm","-27.822mm","2","T","270","Yes","1kΩ","1kΩ"
"R38","0603WAF1001T5E","R0603","27.8mm","-70.203mm","27.8mm","-70.203mm","27.047mm","-70.203mm","2","T","0","Yes","1kΩ","1kΩ"
"R39","0603WAF1000T5E","R0603","56.007mm","-74.041mm","56.007mm","-74.041mm","56.007mm","-74.794mm","2","T","90","Yes","100Ω","100Ω"
"R40","0603WAF1000T5E","R0603","56.896mm","-1.27mm","56.896mm","-1.27mm","56.143mm","-1.27mm","2","T","0","Yes","100Ω","100Ω"
"R41","0603WAF1000T5E","R0603","7.112mm","-14.732mm","7.112mm","-14.732mm","7.865mm","-14.732mm","2","T","180","Yes","100Ω","100Ω"
"R42","0603WAF1000T5E","R0603","7.112mm","-82.804mm","7.112mm","-82.804mm","7.865mm","-82.804mm","2","T","180","Yes","100Ω","100Ω"
"R43","0603WAF1002T5E","R0603","40.386mm","-56.769mm","40.386mm","-56.769mm","40.386mm","-56.016mm","2","T","270","Yes","10kΩ","10kΩ"
"R47","0603WAF1002T5E","R0603","32.258mm","-54.229mm","32.258mm","-54.229mm","31.505mm","-54.229mm","2","T","0","Yes","10kΩ","10kΩ"
"R53","0603WAF330JT5E","R0603","37.338mm","-55.626mm","37.338mm","-55.626mm","38.091mm","-55.626mm","2","T","180","Yes","33Ω","33Ω"
"U4","DRV8874PWPR","HTSSOP-16_L5.0-W4.4-P0.65-LS6.4-BL-EP","56.426mm","-65.356mm","56.426mm","-65.356mm","59.3mm","-67.631mm","17","T","90","Yes","DRV8874PWPR","DRV8874PWPR"
"U5","DRV8874PWPR","HTSSOP-16_L5.0-W4.4-P0.65-LS6.4-BL-EP","12.527mm","-20.041mm","12.527mm","-20.041mm","9.654mm","-17.766mm","17","T","270","Yes","DRV8874PWPR","DRV8874PWPR"
"U6","DRV8874PWPR","HTSSOP-16_L5.0-W4.4-P0.65-LS6.4-BL-EP","12.273mm","-60.149mm","12.273mm","-60.149mm","9.4mm","-57.874mm","17","T","270","Yes","DRV8874PWPR","DRV8874PWPR"
"U7","DRV8874PWPR","HTSSOP-16_L5.0-W4.4-P0.65-LS6.4-BL-EP","51.727mm","-23.851mm","51.727mm","-23.851mm","54.6mm","-26.126mm","17","T","90","Yes","DRV8874PWPR","DRV8874PWPR"
"U13","STM32G474RET6","LQFP-64_L10.0-W10.0-P0.50-LS12.0-BL","33.528mm","-62.865mm","33.528mm","-62.865mm","27.84mm","-59.115mm","64","T","270","Yes","STM32G474RET6","STM32G474RET6"
"J1","DB128L-5.08-2P-GN-S","PAD_MOTOR_2P_STRAIN_RELIEF","49mm","-54mm","49mm","-54mm","47.73mm","-54mm","2","T","0","No","DB128L-5.08-2P","DB128L-5.08-2P"
"J2","DB128L-5.08-2P-GN-S","PAD_MOTOR_2P_STRAIN_RELIEF","15mm","-54mm","15mm","-54mm","13.73mm","-54mm","2","T","0","No","DB128L-5.08-2P","DB128L-5.08-2P"
"J3","DB128L-5.08-2P-GN-S","PAD_MOTOR_2P_STRAIN_RELIEF","15mm","-30mm","15mm","-30mm","13.73mm","-30mm","2","T","0","No","DB128L-5.08-2P","DB128L-5.08-2P"
"J4","DB128L-5.08-2P-GN-S","PAD_MOTOR_2P_STRAIN_RELIEF","49mm","-30mm","49mm","-30mm","47.73mm","-30mm","2","T","0","No","DB128L-5.08-2P","DB128L-5.08-2P"
"CN7","VH2-Header2","BAT_PIGTAIL_PADS_20AWG","2.211mm","-40.474mm","2.211mm","-42.474mm","2.211mm","-42.474mm","2","T","90","No","VH2-HEADER2","VH2-HEADER2"
"C29","CL05A475MP5NRNC","C0402","26.543mm","-57.15mm","26.543mm","-57.15mm","26.543mm","-57.57mm","2","T","90","Yes","4.7uF","4.7uF"
"C12","CL10B473KB8NNNC","C0603","51.181mm","-68.707mm","51.181mm","-68.707mm","51.881mm","-68.707mm","2","T","180","Yes","47nF","47nF"
"C13","CL10B473KB8NNNC","C0603","17.526mm","-16.764mm","17.526mm","-16.764mm","16.826mm","-16.764mm","2","T","0","Yes","47nF","47nF"
"C30","CL05B104KO5NNNC","C0402","29.845mm","-55.753mm","29.845mm","-55.753mm","30.265mm","-55.753mm","2","T","180","Yes","100nF","100nF"
"C31","CL05B104KO5NNNC","C0402","26.416mm","-66.167mm","26.416mm","-66.167mm","26.416mm","-66.587mm","2","T","90","Yes","100nF","100nF"
"C32","CL05B104KO5NNNC","C0402","27.813mm","-57.15mm","27.813mm","-57.15mm","27.813mm","-57.57mm","2","T","90","Yes","100nF","100nF"
"C33","CL05B104KO5NNNC","C0402","40.584mm","-59.275mm","40.584mm","-59.275mm","40.584mm","-59.695mm","2","T","90","Yes","100nF","100nF"
"C34","CL05B104KO5NNNC","C0402","37.084mm","-69.977mm","37.084mm","-69.977mm","37.504mm","-69.977mm","2","T","180","Yes","100nF","100nF"
"C36","CL05B103KB5NNNC","C0402","35.251mm","-70.027mm","35.251mm","-70.027mm","34.831mm","-70.027mm","2","T","0","Yes","10nF","10nF"
"C37","CL05B104KO5NNNC","C0402","31.877mm","-55.626mm","31.877mm","-55.626mm","31.457mm","-55.626mm","2","T","0","Yes","100nF","100nF"
"C38","CL05B104KO5NNNC","C0402","26.035mm","-62.103mm","26.035mm","-62.103mm","25.615mm","-62.103mm","2","T","0","Yes","100nF","100nF"
"C41","CL10B473KB8NNNC","C0603","18.432mm","-56.118mm","18.432mm","-56.118mm","17.732mm","-56.118mm","2","T","0","Yes","47nF","47nF"
"C45","CL10B473KB8NNNC","C0603","46.609mm","-27.686mm","46.609mm","-27.686mm","47.309mm","-27.686mm","2","T","180","Yes","47nF","47nF"
"D9","SS34_C8678","SMA_L4.3-W2.6-LS5.2-RD","32.766mm","-39.243mm","32.766mm","-39.243mm","34.966mm","-39.243mm","2","T","180","Yes","SS34","SS34"
"L1","GZ2012D101TF","L0805","36.068mm","-73.914mm","36.068mm","-73.914mm","36.068mm","-74.88mm","2","T","90","Yes","GZ2012D101TF","GZ2012D101TF"
"U12","2410FA-10A","FUSE-SMD_L6.1-W2.6","6.604mm","-49.53mm","6.604mm","-49.53mm","8.934mm","-49.53mm","2","T","180","Yes","2410FA-10A","2410FA-10A"
"P2","2.54-2*7P简牛","IDC-TH_14P-P2.54-V-R2-C7-S2.54","40.586mm","-45.5mm","40.586mm","-45.5mm","48.206mm","-44.23mm","14","T","180","No","2.54-2*7P简牛","2.54-2*7P简牛"
"C35","CL05A105KA5NQNC","C0402","35.179mm","-71.247mm","35.179mm","-71.247mm","34.759mm","-71.247mm","2","T","0","Yes","1uF","1uF"
"R52","0402WGF3300TCE","R0402","34.671mm","-54.356mm","34.671mm","-54.356mm","34.671mm","-54.789mm","2","T","90","Yes","330Ω","330Ω"
"R2","0402WGF1002TCE","R0402","34.671mm","-52.578mm","34.671mm","-52.578mm","34.238mm","-52.578mm","2","T","0","Yes","10kΩ","10kΩ"
"R1","0402WGF1002TCE","R0402","54.356mm","-44.704mm","54.356mm","-44.704mm","54.356mm","-45.137mm","2","T","90","Yes","10kΩ","10kΩ"
