"No.","Quantity","Comment","Designator","Footprint","Value","Manufacturer Part","Manufacturer","Supplier Part","Supplier"
"1","1","2.7kHz","BUZZER1","BUZ-SMD_4P-L8.5-W8.5-P8.50-BR","2.7kHz","MLT-8530","华能","C94599","LCSC"
"2","1","22uF","C1","C0603","","CL10A226MP8NRNC","SAMSUNG(三星)","C2980159","LCSC"
"3","1","10uF","C2","C1206","","CL31B106KBHNNNE","SAMSUNG(三星)","C89632","LCSC"
"4","1","10uF","C3","C0603","","CL10A106KP8NNNC","SAMSUNG(三星)","C19702","LCSC"
"5","5","100nF","C4,C6,C7,C8,C9","C0603","","CC0603KRX7R9BB104","YAGEO(国巨)","C14663","LCSC"
"6","1","1uF","C5","C0603","1uF","CL10A105KB8NNNC","SAMSUNG(三星)","C15849","LCSC"
"7","1","100nF","C26","C0603","100nF","CC0603KRX7R9BB104","YAGEO(国巨)","C14663","LCSC"
"8","6","XY-SM06B-GHS-TB","CN1,CN2,CN3,CN4,CN5,CN6","CONN-SMD_XY-SM06B-GHS-TB","","XY-SM06B-GHS-TB","XYECONN(辛译)","C51940119","LCSC"
"9","1","SM04B-SRSS-TB(LF)(SN)","CN8","CONN-SMD_4P-P1.00_SM04B-SRSS-TB-LF-SN","","SM04B-SRSS-TB(LF)(SN)","JST","C160404","LCSC"
"10","1","SS34","D1","SMA_L4.3-W2.6-LS5.2-RD","","SS34","MDD(辰达半导体)","C8678","LCSC"
"11","1","1N4148WS","D2","SOD-323_L1.8-W1.3-LS2.5-RD","","1N4148WS","CJ(江苏长电/长晶)","C2128","LCSC"
"12","1","2.2uH","L2","IND-SMD_L4.0-W4.0","","SMNR4018-2R2MT","SXN(顺翔诺)","C467053","LCSC"
"13","1","19-237/R6GHBHC-A01/2T","LED1","LED-ARRAY-SMD_4P-L1.6-W1.6-BL_1","","19-237/R6GHBHC-A01/2T","EVERLIGHT(亿光)","C60105","LCSC"
"14","1","2.54-2*7P简牛","P1","IDC-TH_14P-P2.54-V-R2-C7-S2.54","","2.54-2*7P简牛","BOOMELE(博穆精密)","C11215","LCSC"
"15","1","AO3400A","Q1","SOT-23-3_L2.9-W1.3-P1.90-LS2.4-BR","","AO3400A","AOS","C20917","LCSC"
"16","1","100kΩ","R1","R0603","100kΩ","0603WAF1003T5E","UNI-ROYAL(厚声)","C25803","LCSC"
"17","5","10kΩ","R2,R3,R6,R7,R8","R0805","","0805W8F1002T5E","UNI-ROYAL(厚声)","C17414","LCSC"
"18","2","5.1kΩ","R4,R5","R0603","","0603WAF5101T5E","UNI-ROYAL(厚声)","C23186","LCSC"
"19","7","33Ω","R9,R10,R14,R15,R16,R17,R51","R0603","","0603WAF330JT5E","UNI-ROYAL(厚声)","C23140","LCSC"
"20","1","10kΩ","R11","R0603","10kΩ","0603WAF1002T5E","UNI-ROYAL(厚声)","C25804","LCSC"
"21","1","330Ω","R12","R0603","330Ω","RC0603FR-07330RL","YAGEO(国巨)","C105881","LCSC"
"22","1","150Ω","R13","R0603","150Ω","0603WAF1500T5E","UNI-ROYAL(厚声)","C22808","LCSC"
"23","2","2.2kΩ","R49,R50","R0603","2.2kΩ","0603WAF2201T5E","UNI-ROYAL(厚声)","C4190","LCSC"
"24","5","TS263065A 340gf SX BD SMD Tactile Switch","SW1,SW2,SW3,SW4,SW5","SW-SMD_4P-L3.0-W2.6-P1.80-LS3.4-TL","","TS263065A 340gf SX BD SMD Tactile Switch","SHOU HAN(首韩)","C49023761","LCSC"
"25","1","2.4GHz","U1","WIRELM-SMD_ESP32-S3-WROOM-1","2.4GHz","ESP32-S3-WROOM-1-N16R8","ESPRESSIF(乐鑫)","C2913202","LCSC"
"26","1","AP63203WU-7","U2","TSOT-26_L2.9-W1.6-P0.95-LS2.8-BL","","AP63203WU-7","DIODES(美台)","C780769","LCSC"
"27","1","SRV05-4","U3","SOT-23-6_L2.9-W1.6-P0.95-LS2.8-BL","","SRV05-4","MSKSEMI(美森科)","C2836319","LCSC"
"28","1","TYPE-C-31-M-12","USBC1","USB-C_SMD-TYPE-C-31-M-12_1","","TYPE-C-31-M-12","韩国韩荣","C165948","LCSC"
